{
  "name": "flogo-log",
  "type": "flogo:activity",
  "version": "0.9.0",
  "title": "Log",
  "description": "Logs a message",
  "homepage": "https://github.com/project-flogo/contrib/tree/master/activity/log",
  "ref": "github.com/project-flogo/contrib/activity/log",
  "input":[
    {
      "name": "message",
      "type": "string",
      "value": "",
      "description": "The message to log"
    },
    {
      "name": "addDetails",
      "type": "boolean",
      "value": false,
      "description": "Append contextual execution information to the log message"
    }
  ]
}
