{
    "name": "logger",
    "title": "Logger",
    "version": "1.0.0",
    "type": "flogo:activity",
    "author": "TIBCO Software Inc.",
    "display": {
       "category": "SmartContract",
       "visible": true,
       "smallIcon": "logger.png",
       "description": "Log message"
    },
 
    "ref": "github.com/TIBCOSoftware/dovetail-contrib/SmartContract/activity/logger",
    "inputs": [
            {
            "name": "logLevel",
            "type": "string",
            "required": true,
            "allowed": ["DEBUG", "INFO", "WARNING", "ERROR"],
            "display": {
                "name": "Log Level",
                "type": "dropdown",
                "selection": "single"
            },
            "value": "INFO"
           },
           {
            "name": "message",
            "type": "string",
            "required": true
           },
           {
            "name": "errorCode",
            "type": "string",
            "required": false
           },
           {
            "name": "containerServiceStub",
            "type": "any",
            "required":true
           }
    ],
  
    "outputs": []
}
