
{
    "name": "fabric-putall",
    "version": "1.0.0",
    "type": "flogo:activity",
    "title": "Put All",
    "author": "TIBCO Software Inc.",
    "display": {
        "category": "fabric",
        "visible": true,
        "smallIcon": "ic-putall.png",
        "description": "This activity stores multiple records in fabric ledger"
    },
    "ref": "github.com/TIBCOSoftware/dovetail-contrib/hyperledger-fabric/fabric/activity/putall",
    "homepage": "http://github.com/TIBCOSoftware/dovetail-contrib/hyperledger-fabric/fabric/activity/putall",
    "inputs": [
        {
            "name": "commonData",
            "type": "object",
            "display": {
                "name": "Common data definition",
                "description": "Select common data collection",
                "type": "connection",
                "visible": true
            },
            "allowed":[]
        },
        {
            "name": "dataType",
            "type": "string",
            "display":{
                "name": "Data object type",
                "description": "Select input data schema",
                "type": "dropdown",
                "selection": "single",
                "visible": false
            },
            "allowed": []
        },
        {
            "name": "data",
            "type": "complex_object",
            "display": {
                "name": "Key-value pairs",
                "description": "Schema definition of array of key-value pairs, e.g.,\r\n[{\r\n  \"key\": \"string\",\r\n  \"value\": {\"field1\": \"\", \"field2\": 0}\r\n}]",
                "type": "texteditor",
                "syntax": "json",
                "mappable": true
            }
        },
        {
            "name": "isPrivate",
            "type": "boolean",
            "required": true,
            "display": {
                "name": "Data is private",
                "description": "Put data in private collection"
            },
            "value": false
        },
        {
            "name": "collection",
            "type": "string",
            "display": {
                "name": "Private collection name",
                "description": "Name of the private collection",
                "appPropertySupport": true,
                "visible": false
            }
        },
        {
            "name": "keyType",
            "type": "string",
            "display":{
                "name": "Composite key type",
                "description": "Select composite key definition",
                "type": "dropdown",
                "selection": "single",
                "visible": false
            },
            "allowed": []
        },
        {
            "name": "compositeKeys",
            "type": "string",
            "display": {
                "name": "Composite keys",
                "description": "Define composite key name and attributes (Note: the state key will be appended if it is not included here), e.g. {\r\n    \"color~name\": [\"color\", \"name\"],\r\n    \"owner~name\": [\"owner\", \"name\"]\r\n}",
                "type": "texteditor",
                "syntax": "json",
                "readonly": false
            }
        }
    ],
    "outputs": [
        {
            "name": "code",
            "type": "integer"
        },
        {
            "name": "message",
            "type": "string"
        },
        {
            "name": "count",
            "type": "integer"
        },
        {
            "name": "errors",
            "type": "integer"
        },
        {
            "name": "result",
            "type": "complex_object"
        }
    ]
}
