{
    "name": "receiversign",
    "title": "Receiver Sign and Finalize Transaction",
    "version": "1.0.0",
    "type": "flogo:activity",
    "author": "TIBCO Software Inc.",
    "display": {
       "category": "CorDApp",
       "visible": true,
       "smallIcon": "sign.png",
       "description": "Receiver verify and sign Received Transaction"
    },
 
    "ref": "github.com/TIBCOSoftware/dovetail-contrib/CorDApp/activity/receiversign",
    "inputs": [
        {
            "name": "verify",
            "type": "boolean",
            "required": true,
            "value": false,
            "display": {
                "name": "Do you verify received transaction before signing?",
                "type":"boolean"
            }
        },
        {
            "name": "verifyFlow",
            "type": "string",
            "required": false,
            "value": "",
            "display": {
                "name": "Verification subflow name",
                "type":"string"
            }
        }
    ],
  
    "outputs": [
        {
            "name": "SignedTransaction",
            "type": "any"
        }
    ]
}
