{
    "name": "history",
    "title": "Historical Transaction Records of an asset",
    "version": "1.0.0",
    "type": "flogo:activity",
    "author": "TIBCO Software Inc.",
    "display": {
       "category": "SmartContract",
       "visible": true,
       "smallIcon": "query.png",
       "description": "This activity returns all transactions for a particular asset"
    },
 
    "ref": "github.com/TIBCOSoftware/dovetail-contrib/SmartContract/activity/history",
    "inputs": [
            {
                "name": "model",
                "type": "string",
                "required": true,
                "display": {
                    "name": "Common Data Model",
                    "type": "dropdown",
                    "selection":"single"
                },
                "allowed":[]
            },
           {
                "name": "assetName",
                "type": "string",
                "required": true,
                "display":{
                    "name": "Asset",
                    "type": "dropdown",
                    "selection": "single"
                },
                "allowed": []
           },
           {
            "name": "input",
            "type": "complex_object",
            "required": true
           },
           {
            "name": "containerServiceStub",
            "type": "any",
            "required":true
           },
           {
                "name": "identifier",
                "type": "string",
                "required":true,
                "display": {
                    "visible": false
                }
            }
    ],
  
    "outputs": [
        {
            "name": "output",
            "type": "complex_object",
            "required": true
        }
    ]
}
