{
    "name": "payment",
    "title": "Payment Processor",
    "version": "1.0.0",
    "type": "flogo:activity",
    "author": "TIBCO Software Inc.",
    "display": {
       "category": "CorDApp",
       "visible": true,
       "smallIcon": "payment.png",
       "description": "process payment"
    },
 
    "ref": "github.com/TIBCOSoftware/dovetail-contrib/CorDApp/activity/payment",
    "inputs": [
           {
                "name": "input",
                "type": "complex_object",
                "required": true,
                "value": {
                    "metadata": "",
                    "value": "{\"cash\":[{\"amt\":{\"currency\":\"\", \"quantity\":0}, \"issuer\":\"\", \"owner\":\"\"}], \"payTo\":\"\", \"payAmt\":0}"
                }
           }
    ],
  
    "outputs": [
        {
            "name": "output",
            "type": "complex_object",
            "required": true,
            "value": {
                "metadata": "",
                "value": "\"paidTo\":[{\"amt\":{\"currency\":\"\", \"quantity\":0}, \"issuer\":\"\", \"owner\":\"\"}] \"change\":{\"amt\":{\"currency\":\"\", \"quantity\":0}, \"issuer\":\"\", \"owner\":\"\"}}"
            }
        }
    ]
}
