{
    "name": "initiatorsign",
    "title": "Initiator Sign Transaction",
    "version": "1.0.0",
    "type": "flogo:activity",
    "author": "TIBCO Software Inc.",
    "display": {
       "category": "CorDApp",
       "visible": true,
       "smallIcon": "sign.png",
       "description": "the transaction initiator sign and seal proposed transaction"
    },
 
    "ref": "github.com/TIBCOSoftware/dovetail-contrib/CorDApp/activity/initiatorsign",
    "inputs": [
    ],
  
    "outputs": [
        {
            "name": "SignedTransaction",
            "type": "any"
        }
    ]
}
